/privacy /privacy.html 301
/about /about.html 301
/terms /terms.html 301
/lotto-guide /lotto-guide.html 301
/daily-fortune-guide /daily-fortune-guide.html 301
/face-test /face-test.html 301
/daily-fortune /daily-fortune.html 301
